{
    "configuration": {
        "min_qbits": 3,
        "max_qbits": 13,
        "skp_qubits": 1,
        "Type_of_Simulator": "DensityMatrixSimulator",
        "benchmark_name": "Deutsch-Jozsa",
        "QV_": null
    },
    "avg_creation_times": [
        0.0010275840759277344,
        0.0002862215042114258,
        0.00031578540802001953,
        0.00035881996154785156,
        0.00039839744567871094,
        0.00045502185821533203,
        0.0004895925521850586,
        0.0005626678466796875,
        0.0006103515625,
        0.0006719827651977539,
        0.000668644905090332
    ],
    "avg_elapsed_times": [
        0.002485036849975586,
        0.0029392242431640625,
        0.0036548376083374023,
        0.00433039665222168,
        0.0054062604904174805,
        0.00621187686920166,
        0.010086536407470703,
        0.020034193992614746,
        0.06150484085083008,
        0.24442899227142334,
        0.981562614440918
    ],
    "avg_quantum_times": [],
    "avg_circuit_depths": [
        5.0,
        5.0,
        5.0,
        5.0,
        5.0,
        5.0,
        5.0,
        5.0,
        5.0,
        5.0,
        5.0
    ],
    "avg_transpiled_depths": [
        3.0,
        3.5,
        4.0,
        4.5,
        5.0,
        5.5,
        6.0,
        6.5,
        7.0,
        7.5,
        8.0
    ],
    "avg_1Q_algorithmic_gate_counts": [
        9,
        13,
        15,
        19,
        21,
        25,
        27,
        31,
        33,
        37,
        39
    ],
    "avg_2Q_algorithmic_gate_counts": [
        1,
        1,
        2,
        2,
        3,
        3,
        4,
        4,
        5,
        5,
        6
    ],
    "avg_1Q_Transpiled_gate_counts": [
        9,
        13,
        15,
        19,
        21,
        25,
        27,
        31,
        33,
        37,
        39
    ],
    "avg_2Q_Transpiled_gate_counts": [
        1,
        1,
        2,
        2,
        3,
        3,
        4,
        4,
        5,
        5,
        6
    ],
    "max_memory": [
        199.56640625,
        199.75390625,
        199.75390625,
        199.94140625,
        200.50390625,
        203.31640625,
        213.74609375,
        255.96875,
        440.078125,
        1112.40234375,
        3802.02734375
    ],
    "Average_fidelity": [
        1.0,
        1.0,
        1.0,
        1.0,
        1.0,
        1.0,
        1.0,
        1.0,
        1.0,
        1.0,
        1.0
    ],
    "Average_Hellinger_fidelity": [
        1.0,
        1.0,
        1.0,
        1.0,
        1.0,
        1.0,
        1.0,
        1.0,
        1.0,
        1.0,
        1.0
    ],
    "last_updated": "2024-07-23 14:50:52"
}