{
  "Benchmark Results - VQE Simulation (1) - Qiskit": {
    "backend_id": "qasm_simulator",
    "circuit_metrics": null,
    "end_time": 1719469829.3584373,
    "group_metrics": {
      "avg_create_times": [
        0.253,
        0.105,
        0.077
      ],
      "avg_depths": [
        5.0,
        10.0,
        26.0
      ],
      "avg_elapsed_times": [
        0.338,
        1.266,
        1.318
      ],
      "avg_exec_creating_times": [
        0.001,
        0.001,
        0.001
      ],
      "avg_exec_running_times": [
        0.001,
        0.001,
        0.001
      ],
      "avg_exec_times": [
        0.012,
        0.034,
        0.208
      ],
      "avg_exec_validating_times": [
        0.001,
        0.001,
        0.001
      ],
      "avg_fidelities": [
        0.821,
        0.379,
        0.025
      ],
      "avg_hf_fidelities": [
        0.853,
        0.42,
        0.08
      ],
      "avg_tr_depths": [
        76.0,
        341.0,
        1543.0
      ],
      "avg_tr_n2qs": [
        56.0,
        272.0,
        1280.0
      ],
      "avg_tr_xis": [
        0.533,
        0.63,
        0.692
      ],
      "avg_xis": [
        0.0,
        0.0,
        0.0
      ],
      "groups": [
        "4",
        "6",
        "8"
      ],
      "job_ids": [
        [
          "5c490c90-4326-4c70-a20f-af0b2a094b29",
          "d756e4aa-362d-4036-af7b-c19643862e13",
          "71340b5e-b306-43c4-a79c-3cae2e93f1b2"
        ],
        [
          "2889a44f-4ee0-4e72-8f6a-370a5205ae91",
          "0d780078-36ee-43b2-bfb4-710e15f3a301",
          "cb36a42b-1acb-4932-9170-48724b1acbe6"
        ],
        [
          "52f5c115-7601-4703-9c6d-46ddc212de33",
          "798aa5dd-3c13-465d-8e9f-792c0e22dcaa",
          "fc7732e6-4550-450e-afcf-3ec1d0c85e9e"
        ]
      ],
      "std_create_times": [
        0.101,
        0.037,
        0.003
      ],
      "std_elapsed_times": [
        0.123,
        0.23,
        0.285
      ],
      "std_exec_times": [
        0.003,
        0.002,
        0.026
      ],
      "std_fidelities": [
        0.004,
        0.003,
        0.003
      ],
      "std_hf_fidelities": [
        0.005,
        0.008,
        0.006
      ]
    },
    "start_time": 1719469825.5870655
  }
}